{
    "estados": {
        "memoria_corto_plazo": 0.80277717113494873,
        "memoria_largo_plazo": 3.85506701469421387
    },
    "pesos": {
        "peso_candidato": 0.8681374192237854,
        "peso_entrada": 0.840782225131988525,
        "peso_olvido": -0.320111393928527832,
        "peso_salida": 4.64158535003662109
    },
    "ponderados": {
        "ponderados_candidato": 1.86093258857727051,
        "ponderados_entrada": 0.848317861557006836,
        "ponderados_olvido": -0.464825958013534546,
        "ponderados_salida": 0.390271604061126709
    },
    "sesgos": {
        "sesgo_celda": 1.10555827617645264,
        "sesgo_entrada": 1.53027355670928955,
        "sesgo_olvido": 1.62710952758789062,
        "sesgo_salida": -2.23355007171630859
    }
}
